Table 1;;;;;;;;
;;;;;;;;
№ п/п;Опасности, представляющие угрозу жизни и здоровью работников, а также факторы окружающей среды или трудового процесса, способные привести к травме или профессиональному заболеванию;;Опасные события, представляющие угрозу жизни и здоровью работников;Тип, группа, подгруппа средств индивидуальной защиты, обязательных к выдаче;Возможная конструкция средств индивидуальной защиты, дополнительные элементы конструкции;Нормы выдачи средств индивидуальной защиты на год (штуки, пары, комплекты, мл);Средства индивидуальной защиты, выдаваемые дополнительно к обязательным по результатам оценки профессиональных рисков;Нормы выдачи средств индивидуальной защиты, выдаваемых дополнительно, на год (штуки, пары, комплекты, мл)
1;2;3;4;5;6;7;8;9
1. Механические опасности;;;;;;;;
1.1;Скользкие, обледенелые, зажиренные, мокрые поверхности;1.1.1;Падение работника из-за потери равновесия при поскальзывании при передвижении;Обувь специальная для защиты от скольжения;"Ботинки
Сапоги
Полуботинки
Полусапоги
Полуботинки с перфорацией";1 пара;;
;;;;или;;;;
;;;;Обувь специальная резиновая или из полимерных материалов для защиты от скольжения;"Сапоги
Полусапоги";1 пара;;
1.2;Перепад высот, отсутствие ограждения на высоте;1.2.1;Падение работника с высоты, в том числе при выполнении альпинистских работ;Средства индивидуальной защиты от падения с высоты;Пояс предохранительный, его составные части и комплектующие к нему;Определяется документами изготовителя;;
;;;;;Привязи страховочные;;;
;;;;;"Привязи спасательные
Привязи и стропы для удерживания и позиционирования";;;
;;;;;Привязи для положения сидя;;;
;;;;;Стропы (в том числе с амортизаторами);;;
;;;;;Соединительные элементы;;;
;;;;;Анкерные устройства;;;
;;;;;Средства защиты втягивающего типа;;;
;;;;;Устройство для спуска;;;
;;;;;Устройства для подъема;;;
;;;;;Петли спасательные;;;
;;;;;Канаты с сердечником низкого растяжения;;;
;;;;;Канаты страховочные;;;
;;;;;Средства защиты от падения с высоты ползункового типа на жесткой анкерной линии;;;
;;;;;Средства защиты от падения с высоты ползункового типа на гибкой анкерной линии;;;
1.3;Груз, инструмент или предмет, перемещаемый или поднимаемый, в том числе на высоту;1.3.1;Удар работника или падение на работника предмета, тяжелого инструмента или груза, упавшего при перемещении или подъеме;Обувь специальная для защиты от механических воздействий (ударов в носочной части, проколов, порезов);"Ботинки
Сапоги
Полуботинки
Полусапоги";1 пара;;
;;;;или;;;;
;;;;Обувь специальная резиновая или из полимерных материалов (сапоги, полусапоги) для защиты от механических воздействий (ударов в носочной части, проколов, порезов);"Сапоги
Полусапоги";1 пара;;
;;;;;Наличие ударопрочного подноска 200 Дж;;;
;;;;Средства индивидуальной защиты головы от механических воздействий;Каска защитная;1 шт. на 2 года;Каска шахтерская;1 шт. на 2 года
;;;;Средства индивидуальной защиты рук от механических воздействий;Перчатки Наличие противоударных накладок;12 пар;;
1.4;Плохо или неправильно закрепленные детали или заготовки;1.4.1;Удар работника деталями или заготовками, которые могут отлететь из-за плохого или неправильного закрепления;Средства индивидуальной защиты головы от механических воздействий;Каска защитная;1 шт. на 2 года;Каска шахтерская;1 шт. на 2 года
;;;;Средства индивидуальной защиты глаз и лица от механических воздействий;Очки защитные от механических воздействий, в том числе с покрытием от запотевания не менее 1F;1 шт.;Очки защитные от механических воздействий с корригирующим эффектом;1 шт.
;;;;;Щиток защитный лицевой от механических воздействий (ударов твердых частиц), в том числе из металлической сетки;1 шт.;;
1.5;Вращающиеся или движущие детали оборудования или инструменты;1.5.1;Удар работника инструментом при неправильной эксплуатации, удар вращающимися или движущимися частями оборудования;Обувь специальная для защиты от механических воздействий (ударов в носочной части, проколов, порезов);"Ботинки
Сапоги
Полуботинки
Полусапоги";1 пара;;
;;;;или;;;;
;;;;Обувь специальная резиновая или из полимерных материалов для защиты от механических воздействий (ударов в носочной части, проколов, порезов);"Сапоги
Полусапоги";1 пара;;
;;;;;Наличие ударопрочного подноска 200 Дж;;;
;;;;Средства индивидуальной защиты глаз и лица от механических воздействий;Очки защитные от механических воздействий, в том числе с покрытием от запотевания не менее 1F;1 шт.;Очки защитные от механических воздействий с корригирующим эффектом;1 шт.
;;;;;Щиток защитный лицевой от механических воздействий (ударов твердых частиц), в том числе из металлической сетки;1 шт.;;
;;;;Средства индивидуальной защиты головы от механических воздействий;Каска защитная;"1 шт.
на 2 года";Каска шахтерская;1 шт. на 2 года
;;;;Средства индивидуальной защиты рук от механических воздействий;"Перчатки
Наличие противоударных накладок";12 пар;;
1.6;Осколки оборудования, деталей, инструмента, стекла;1.6.1;Удар и/или порез работника отлетающими осколками оборудования, деталей, инструмента, стекла, в том числе оконного;Одежда специальная для защиты от механических воздействий (порезов);Костюм, в том числе отдельными предметами: куртка, брюки, полукомбинезон;1 шт.;Фартук;1 шт.
;;;;;;;Комбинезон;1 шт.
;;;;Обувь специальная для защиты от механических воздействий (ударов в носочной части, проколов, порезов);"Ботинки
Сапоги
Полуботинки
Полусапоги";1 пара;;
;;;;или;;;;
;;;;Обувь специальная резиновая или из полимерных материалов для защиты от механических воздействий (ударов в носочной части, проколов, порезов);"Сапоги
Полусапоги";1 пара;;
;;;;;Наличие ударопрочного подноска 200 Дж;;;
;;;;;Наличие проколозащитной стельки 1200 Н;;;
;;;;Средства индивидуальной защиты рук для защиты от механических воздействий (порезов);"Рукавицы
Перчатки";12 пар;;
;;;;Средства индивидуальной защиты головы от механических воздействий;Каска защитная;"1 шт.
на 2 года";;
;;;;Средства индивидуальной защиты глаз и лица от механических воздействий;"Очки защитные от механических воздействий, в том числе с покрытием от запотевания
Не менее 1F";1 шт.;Очки защитные от механических воздействий с корригирующим эффектом;1 шт.
;;;;;Щиток защитный лицевой от механических воздействий (ударов твердых частиц), в том числе из металлической сетки;1 шт.;;
1.7;Упругий элемент применяемых материалов или оборудования, или конструкций;1.7.1;Удар работника упругим элементом применяемого материала, оборудования или конструкции в результате их деформации;Средства индивидуальной защиты глаз и лица от механических воздействий;Очки защитные от механических воздействий, в том числе с покрытием от запотевания не менее 1F;1 шт.;Очки защитные от механических воздействий с корригирующим эффектом;1 шт.
;;;;;Щиток защитный лицевой от механических воздействий (ударов твердых частиц), в том числе из металлической сетки;1 шт.;;
;;;;Обувь специальная для защиты от механических воздействий (ударов в носочной части, проколов, порезов);"Ботинки
Сапоги
Полуботинки
Полусапоги";1 пара;;
;;;;или;;;;
;;;;Обувь специальная резиновая или из полимерных материалов для защиты от механических воздействий (ударов в носочной части, проколов, порезов);"Сапоги
Полусапоги";1 пара;;
;;;;;Наличие ударопрочного подноска 200 Дж;;;
;;;;Средства индивидуальной защиты рук от механических воздействий;Перчатки;12 пар;;
;;;;;Наличие противоударных накладок;;;
;;;;Средства индивидуальной защиты головы от механических воздействий;Каска защитная;"1 шт.
на 2 года";;
;;;;;Каскетка защитная;1 шт.;;
1.8;Предметы и элементы конструкции, расположенные на путях следования, в том числе из-за неправильной организации рабочего места;1.8.1;Столкновение работника с неподвижным предметом или элементом конструкции, оказавшимся на пути следования;Средства индивидуальной защиты головы от механических воздействий;Каска защитная;"1 шт.
на 2 года";Каска шахтерская;1 шт. на 2 года
;;;;;Каскетка защитная;1 шт.;;
;;;;Обувь специальная для защиты от механических воздействий (ударов в носочной части, проколов, порезов);"Ботинки
Сапоги
Полуботинки
Полусапоги";1 пара;;
;;;;или;;;;
;;;;Обувь специальная резиновая или из полимерных материалов для защиты от механических воздействий (ударов в носочной части, проколов, порезов);"Сапоги
Полусапоги";1 пара;;
;;;;;Наличие ударопрочного подноска 200 Дж;;;
;;;;Средства индивидуальной защиты глаз и лица от механических воздействий;Очки защитные от механических воздействий, в том числе с покрытием от запотевания не менее 1F;1 шт.;Очки защитные от механических воздействий с корригирующим эффектом;1 шт.
;;;;;Щиток защитный лицевой от механических воздействий (ударов твердых частиц), в том числе из металлической сетки;1 шт.;;
1.9;Другие опасности, связанные с получением работником удара;;В случае идентификации иных опасностей на рабочем месте работник обеспечивается средствами индивидуальной защиты, необходимыми для защиты от идентифицированных опасностей. Номенклатуру, количество и сроки носки определяет работодатель в соответствии с Правилами обеспечения работников средствами индивидуальной защиты и смывающими средствами, утвержденными приказом Минтруда России от 29 октября 2021 г. № 766н (зарегистрирован Минюстом России __ декабря 2021 г., регистрационный № ____) (далее - Правила), и на основании нормативно-технической документации изготовителя;;;;;
1.10;Неподвижная или подвижная, в том числе вращающаяся колющая поверхность (острие);1.10.1;Укол или прокол мягких тканей работника, из-за натыкания на неподвижную колющую поверхность (острие), в том числе штыри, арматуру, углы, анкерные устройства и другие, а также в результате воздействия движущихся колющих частей механизмов и машин;Одежда специальная для защиты от механических воздействий (проколов);Костюм, в том числе отдельными предметами: куртка, брюки, полукомбинезон;1 шт.;Фартук;1 шт.
;;;;;;;Комбинезон;1 шт.
;;;;Обувь специальная для защиты от механических воздействий (ударов в носочной части, проколов, порезов);"Ботинки
Сапоги
Полуботинки
Полусапоги";1 пара;;
;;;;или;;;;
;;;;Обувь специальная резиновая или из полимерных материалов для защиты от механических воздействий (ударов в носочной части, проколов, порезов);"Сапоги
Полусапоги";1 пара;;
;;;;;Наличие проколозащитной стельки 1200Н;;;
;;;;Средства индивидуальной защиты рук для защиты от механических воздействий (проколов, порезов);"Рукавицы
Перчатки";12 пар;;
;;;;Средства индивидуальной защиты головы от механических воздействий;Каска защитная;"1 шт.
на 2 года";Каска шахтерская;1 шт. на 2 года
;;;;;Каскетка защитная;1 шт.;;
;;;;Средства индивидуальной защиты глаз и лица от механических воздействий;Очки защитные от механических воздействий, в том числе с покрытием от запотевания не менее F1;1 шт.;Очки защитные от механических воздействий с корригирующим эффектом;1 шт.
;;;;;Щиток защитный лицевой от механических воздействий (ударов твердых частиц), в том числе из металлической сетки;1 шт.;;
1.11;Другие опасности, связанные с получением работником колотой раны или прокола;;В случае идентификации иных опасностей на рабочем месте работник обеспечивается средствами индивидуальной защиты, необходимыми для защиты от идентифицированных опасностей. Номенклатуру, количество и сроки носки определяет работодатель в соответствии с Правилами и на основании нормативно-технической документации изготовителя;;;;;
1.12;Подвижные части машин и механизмов;1.12.1;Затягивание в подвижные части машин и механизмов одежды, волос и отдельных частей тела работника;Одежда специальная для защиты от возможного захвата движущимися частями механизма;Костюм, в том числе отдельными предметами: куртка, брюки, полукомбинезон;1 шт.;Нарукавники;определяется документами изготовителя
;;;;;;;Комбинезон;1 шт.
;;;;Средства индивидуальной защиты головы: головные уборы для защиты от общих производственных загрязнений и механических воздействий (истирания);;;"Подшлемник
Шапочка
Колпак
Косынка
Шапка
Берет";1 шт.
1.13;Другие опасности, связанные с затягиванием работника в механизмы и агрегаты;;В случае идентификации иных опасностей на рабочем месте работник обеспечивается средствами индивидуальной защиты, необходимыми для защиты от идентифицированных опасностей. Номенклатуру, количество и сроки носки определяет работодатель в соответствии с Правилами и на основании нормативно-технической документации изготовителя;;;;;
1.14;Абразивные материалы, в том числе необработанная древесина (в том числе вертикальные и горизонтальные поверхности);1.14.1;Воздействие движущегося и неподвижного абразивного элемента, необработанной древесины на кожу работника, проникновение заноз под кожу;Одежда специальная для защиты от механических воздействий (истирания);Костюм, в том числе отдельными предметами: куртка, брюки, полукомбинезон;1 шт.;Фартук;1 шт.
;;;;;;;Комбинезон;1 шт.
;;;;Обувь специальная для защиты от механических воздействий (истирания);"Ботинки
Сапоги
Полуботинки
Полусапоги";1 пара;;
;;;;или;;;;
;;;;"Обувь специальная резиновая или
из полимерных материалов для защиты от механических воздействий (истирания)";"Сапоги
Полусапоги";1 пара;;
;;;;Средства индивидуальной защиты рук для защиты от механических воздействий (истирания);"Рукавицы
Перчатки";12 пар;;
;;;;Средства индивидуальной защиты головы для защиты от механических воздействий (истирания и/или ударов);Каска защитная;1 шт. на 2 года;"Шлем пескоструйщика (абразивоструйщика)
Сменные элементы (защитные стекла)
Подшлемник, кепка, бейсболка (только при отсутствии риска боковых и перфорирующих ударов)";определяется документами изготовителя
;;;;;Каскетка защитная;1 шт.;;
;;;;Средства индивидуальной защиты глаз и лица от механических воздействий;Щиток защитный лицевой от механических воздействий (ударов твердых частиц), в том числе из металлической сетки;1 шт.;;
1.15;Другие опасности, связанные с трением или абразивным воздействием при соприкосновении;;В случае идентификации иных опасностей на рабочем месте работник обеспечивается средствами индивидуальной защиты, необходимыми для защиты от идентифицированных опасностей. Номенклатуру, количество и сроки носки определяет работодатель в соответствии с Правилами и на основании нормативно-технической документации изготовителя;;;;;
1.16;Движущиеся режущие части механизмов, машин;1.16.1;Порез мягких тканей или ампутация отдельных частей тела работника в результате воздействия движущихся режущих частей механизмов, машин;Одежда специальная для защиты от механических воздействий (проколов, порезов);Костюм, в том числе отдельными предметами: куртка, брюки, полукомбинезон;1 шт.;Фартук;1 шт.
;;;;;;;Комбинезон;1 шт.
;;;;Обувь специальная для защиты от механических воздействий (проколов, порезов);"Ботинки
Сапоги
Полуботинки
Полусапоги";1 пара;;
;;;;или;;;;
;;;;Обувь специальная резиновая или из полимерных материалов (сапоги, полусапоги) для защиты от механических воздействий (проколов, порезов);"Сапоги
Полусапоги";1 пара;;
;;;;;Наличие проколозащитной стельки 1200 Н;;;
;;;;;;;;
;;;;Средства индивидуальной защиты рук для защиты от механических воздействий (порезов);"Рукавицы
Перчатки";12 пар;;
;;;;Средства индивидуальной защиты головы от механических воздействий;Каска защитная;1 шт. на 2 года;;
;;;;Средства индивидуальной защиты глаз и лица от механических воздействий;"Очки защитные от механических воздействий, в том числе с покрытием от запотевания
Не менее 1F";1 шт.;Очки защитные от механических воздействий с корригирующим эффектом;1 шт.
;;;;;Щиток защитный лицевой от механических воздействий (ударов твердых частиц), в том числе из металлической сетки;1 шт.;;
1.17;Острые кромки и заусенцы;1.17.1;Порез мягких тканей работника в результате воздействия острых кромок и заусенцев;Одежда специальная для защиты от механических воздействий (проколов, порезов);Костюм, в том числе отдельными предметами: куртка, брюки, полукомбинезон;1 шт.;Фартук;1 шт.
;;;;;;;Комбинезон;1 шт.
;;;;Обувь специальная для защиты от механических воздействий (проколов, порезов);"Ботинки
Сапоги
Полуботинки
Полусапоги";1 пара;;
;;;;или;;;;
;;;;Обувь специальная резиновая или из полимерных материалов для защиты от механических воздействий (проколов, порезов);"Сапоги
Полусапоги";1 пара;;
;;;;;Наличие проколозащитной стельки 1200 Н;;;
;;;;Средства индивидуальной защиты рук для защиты от механических воздействий (порезов);"Рукавицы
Перчатки";12 пар;;
1.18;Дисковые ножи, дисковые пилы и другое (кроме ножей поварских);1.18.1;Порез мягких тканей или ампутация отдельных частей тела работника в результате воздействия острого режущего инструмента (дисковые ножи, дисковые пилы и другое (кроме ножей поварских);Одежда специальная для защиты от механических воздействий (проколов, порезов);Костюм, в том числе отдельными предметами: куртка, брюки, полукомбинезон;1 шт.;Фартук;1 шт.
;;;;;;;Комбинезон;1 шт.
;;;;Обувь специальная для защиты от механических воздействий (проколов, порезов);"Ботинки
Сапоги
Полуботинки
Полусапоги";1 пара;;
;;;;или;;;;
;;;;Обувь специальная резиновая или из полимерных материалов (сапоги, полусапоги) для защиты от механических воздействий (проколов, порезов);"Сапоги
Полусапоги";1 пара;;
;;;;;Наличие проколозащитной стельки 1200 Н;;;
;;;;Средства индивидуальной защиты рук для защиты от механических воздействии (порезов);"Рукавицы
Перчатки";12 пар;;
;;;;;;;;
;;;;;;;;
;;;;Средства индивидуальной защиты головы от механических воздействий;Каска защитная;1 шт. на 2 года;;
;;;;Средства индивидуальной защиты глаз и лица от механических воздействий;Очки защитные от механических воздействий, в том числе с покрытием от запотевания не менее 1F;1 шт.;Очки защитные от механических воздействий с корригирующим эффектом;1 шт.
;;;;;или;;;
;;;;;Щиток защитный лицевой от механических воздействий (ударов твердых частиц), в том числе из металлической сетки;1 шт.;;
1.19;Ножи и приспособления, применяемые при обвалке мяса;1.19.1;Порез мягких тканей или ампутация отдельных частей тела работника в результате воздействия острого режущего инструмента (обвалка мяса и другое);"Средства индивидуальной защиты рук для защиты от механических воздействий (порезов). Перчатки
и/или
Защитные приспособления кольчужные";;;Перчатка;1 шт.
;;;;;;;Фартук;1 шт.
;;;;;;;Разделенный фартук;1 шт.
;;;;;;;Защитные брюки;1 шт.
;;;;;;;Защитная куртка;1 шт.
;;;;;;;Защитная поверхность;1 шт.
1.20;Ручная цепная пила;1.20.1;Порез мягких тканей или ампутация отдельных частей тела работника в результате воздействия ручной цепной пилы;Одежда специальная для защиты от режущего воздействия ручной цепной пилой;;;Защитные приспособления (накидка, пелерина, съемный рукав, части брюк, щитки для голени и бедра, гетры);1 шт.
;;;;;;;Костюм, в том числе отдельными предметами: куртка, брюки, полукомбинезон;1 шт.
;;;;;;;Комбинезон;1 шт.
;;;;;;;"Обувь специальная для защиты от режущего воздействия ручной цепной пилой: Ботинки
Полусапоги
Сапоги";1 пара
;;;;;;;Средства индивидуальной защиты рук для защиты от режущего воздействия ручной цепной пилой: Перчатки;12 пар
1.21;Металлическая стружка с острыми кромками, возникающая при механической обработке металлических заготовок и деталей;1.21.1;Порез мягких тканей или ампутация, или повреждение отдельных частей тела работника острыми кромками металлической стружки (при механической обработке металлических заготовок и деталей);Средства индивидуальной защиты рук для защиты от механических воздействий (порезов);"Рукавицы
Перчатки";12 пар;;
;;;;Средства индивидуальной защиты глаз и лица от механических воздействий;Очки защитные от механических воздействий, в том числе с покрытием от запотевания не менее F1;1 шт.;;
;;;;;Щиток защитный лицевой от механических воздействий (ударов твердых частиц), в том числе из металлической сетки;1 шт.;;
1.22;Стеклянные, фарфоровые или керамические предметы, а также пластиковые изделия острыми кромками;1.22.1;Порез мягких тканей работника разбившимися стеклянными, фарфоровыми и/или керамическими предметами, а также пластиковыми изделиями с острыми краями;Средства индивидуальной защиты рук для защиты от механических воздействий (порезов);"Рукавицы
Перчатки";12 пар;;
1.23;Другие опасности, связанные с порезом частей тела работника;;В случае идентификации иных опасностей на рабочем месте работник обеспечивается средствами индивидуальной защиты, необходимыми для защиты от идентифицированных опасностей. Номенклатуру, количество и сроки носки определяет работодатель в соответствии с Правилами и на основании нормативно-технической документации изготовителя;;;;;
1.24;Мелкие стружки, мелкие осколки, крупнодисперсная пыль;1.24.1;Попадание в глаза работника стружки, мелких осколков, крупнодисперсной пыли;Средства индивидуальной защиты глаз и лица от механических воздействий;Очки защитные, в том числе с покрытием от запотевания Очки защитные от грубодисперсных аэрозолей (пыли);1 шт.;Очки защитные от механических воздействий с корригирующим эффектом;1 шт.
;;;;;Щиток защитный лицевой, в том числе из металлической сетки;1 шт.;;
1.25;Другие опасности, связанные с повреждением глаз вследствие попадания инородного тела;;В случае идентификации иных опасностей на рабочем месте работник обеспечивается средствами индивидуальной защиты, необходимыми для защиты от идентифицированных опасностей. Номенклатуру, количество и сроки носки определяет работодатель в соответствии с Правилами и на основании нормативно-технической документации изготовителя;;;;;
1.26;Выполнение работ на значительной глубине в туннелях, под землей, в открытых разрезах, в том числе связанных с добычей полезных ископаемых и эксплуатацией шахт;1.26.1;Травмы и профессиональные заболевания, связанные с выполнением работ на значительной глубине в туннелях, под землей, в открытых разрезах, в том числе связанных с добычей полезных ископаемых и эксплуатацией шахт;Одежда специальная для защиты от общих производственных загрязнений и механических воздействий;Костюм шахтерский: куртка, брюки, полукомбинезон, жилет утепленный, в том числе профилактический пояс;1 шт.;Пояс для аккумуляторных ламп;определяется документами изготовителя
;;;;Средства индивидуальной защиты глаз и лица от механических воздействий;Очки защитные, в том числе с покрытием от запотевания Очки защитные от грубодисперсных аэрозолей (пыли);1 шт.;Очки защитные от механических воздействий с корригирующим эффектом;1 шт.
;;;;;Щиток защитный лицевой, в том числе из металлической сетки;1 шт.;;
;;;;Обувь специальная для защиты от механических воздействий (проколов, порезов);"Ботинки
Сапоги
Полуботинки
Полусапоги";1 пара;;
;;;;или;;;;
;;;;Обувь специальная резиновая или из полимерных материалов для защиты от механических воздействий (проколов, порезов);"Сапоги
Полусапоги";1 пара;;
;;;;;Наличие проколозащитной стельки 1200 Н;;;
;;;;Средства индивидуальной защиты головы: головные уборы для защиты от общих производственных загрязнений и механических воздействий (истирания);;;Подшлемник;1 шт.
;;;;Средства индивидуальной защиты рук от общих производственных загрязнений и механических воздействий;"Рукавицы
Перчатки";24 пары;;
;;;;;;;;
;;;;Средства индивидуальной защиты головы для защиты от механических воздействий;Каска защитная;1 шт. на 2 года;Каска шахтерская;1 шт. на 2 года
;;;;"Средства индивидуальной защиты органов дыхания изолирующие на химически связанном кислороде
или";Дыхательные аппараты Самоспасатели;определяется документами изготовителя;"Респиратор
Противогаз";определяется документами изготовителя
;;;;"Средства индивидуальной защиты органов дыхания изолирующие со сжатым воздухом
или";Дыхательные аппараты Самоспасатели;;;
;;;;Средства индивидуальной защиты органов дыхания изолирующие со сжатым кислородом;Дыхательные аппараты Самоспасатели;;;
;;;;Средства индивидуальной защиты органов дыхания фильтрующего типа противоаэрозольные, противогазоаэрозольные (комбинированные);"Противоаэрозольные и противоаэрозольные с дополнительной защитой от газов и паров средства индивидуальной защиты органов дыхания с фильтрующей лицевой частью - фильтрующие полумаски Изолирующие лицевые части (маски, полумаски, четвертьмаски) для средств индивидуальной защиты (используемые совместно со сменными фильтрами)
Сменные фильтры (фильтрующие элементы: противоаэрозольные, противогазовые, противогазоаэрозольные (комбинированные) для средств индивидуальной защиты
Средства индивидуальной защиты органов дыхания с принудительной подачей воздуха";;;
1.27;Другие опасности, связанные с работой на глубине;;В случае идентификации иных опасностей на рабочем месте работник обеспечивается средствами индивидуальной защиты, необходимыми для защиты от идентифицированных опасностей. Номенклатуру, количество и сроки носки определяет работодатель в соответствии с Правилами и на основании нормативно-технической документации изготовителя;;;;;
1.28;Прочие механические опасности;;В случае идентификации иных опасностей на рабочем месте работник обеспечивается средствами индивидуальной защиты, необходимыми для защиты от идентифицированных опасностей. Номенклатуру, количество и сроки носки определяет работодатель в соответствии с Правилами и на основании нормативно-технической документации изготовителя;;;;;
;2. Опасность, связанная с воздействием общих производственных загрязнений;;;;;;;
2.1;Общие производственные загрязнения;2.1.1;Ухудшения здоровья работника в результате воздействие общих производственных загрязнений;Одежда специальная для защиты от общих производственных загрязнений;Костюм, в том числе отдельными предметами: куртка, брюки, полукомбинезон;1 шт.;Комбинезон;1 шт.
;;;;;;;Фартук;1 шт.
;;;;;;;Белье специальное (футболки, фуфайки, кальсоны, панталоны);2 пары
;;;;;;;Изделия носочно-чулочные;12 пар
;;;;;;;Нарукавники;6 пар
;;;;;;;Изделия бельевые: полотенца;определяется документами изготовителя
;;;;Средства индивидуальной защиты рук от общих производственных загрязнений;"Рукавицы
Перчатки";24 пары;;
;;;;Средства индивидуальной защиты головы: головные уборы для защиты от общих производственных загрязнений и механических воздействий (истирания);;;"Подшлемник
Шапочка
Кепка
Бейсболка
Колпак
Козырек
Косынка
Пилотка
Шляпа
Шапка
Берет";1 шт.
;;;;Обувь специальная для защиты от общих производственных загрязнений;"Полуботинки
Ботинки
Полусапоги
Сапоги";1 пара;"Туфли
Туфли ""сабо""
Туфли ""тапочки""
Сандалеты (полуботинки с перфорацией)";1 пара
;;;;или;;;;
;;;;Обувь специальная резиновая или из полимерных материалов (сапоги, полусапоги) для защиты от общих производственных загрязнений;"Полусапоги
Сапоги";1 пара;Обувь пляжная из полимерных материалов (тапочки для душа);1 пара на 3 года
;;;;Дерматологические средства индивидуальной защиты защитного типа: средства гидрофобного действия;"Крем
Лосьон
Гель
Спрей";1200 мл;;
;;;;;;1200 мл;;
;;;;или;;;;
;;;;Дерматологические средства индивидуальной защиты защитного типа: средства гидрофильного действия;;1200 мл;;
;;;;или;;;;
;;;;Дерматологические средства индивидуальной защиты защитного типа: средства комбинированного (универсального) действия;;;;
;;;;ДСИЗ очищающего типа: средства для очищения от неустойчивых загрязнений;"Раствор
Гель
Пенка";2400 мл;"ДСИЗ очищающего типа:
средства для очищения от устойчивых загрязнений";2400 мл
;;;;ДСИЗ регенерирующего (восстанавливающего) типа;"Крем
Лосьон
Гель
Спрей";1200 мл.;;
;;2.1.2;Другие опасные события, связанные с общими производственными загрязнениями;В случае идентификации иных опасностей на рабочем месте работник обеспечивается средствами индивидуальной защиты, необходимыми для защиты от идентифицированных опасностей. Номенклатуру, количество и сроки носки определяет работодатель в соответствии с Правилами и на основании нормативно-технической документации изготовителя;;;;
;3. Опасности, связанные с воздействием электрического тока, статического электричества, а также с воздействием термических рисков электрической дуги;;;;;;;
3.1;Электрический ток;3.1.1;Удар током и другие травмы, полученные в результате контакта с токоведущими частями, которые находятся под напряжением до 1000 В;Средства индивидуальной защиты рук диэлектрические;Перчатки до 1000 В;2 пары на 2 года;;
;;;;Средства индивидуальной защиты головы от поражения электрическим током;Каска защитная Электроизоляция 440 В или 1000 В;1 на 2 года;;
;;;;Обувь специальная диэлектрическая резиновая или из полимерных материалов;"Галоши
Боты";дежурные;Коврик диэлектрический;дежурный
;;3.1.2;Травмы при контакте с токоведущими частями, которые находятся под напряжением выше 1000 В;Средства индивидуальной защиты рук диэлектрические;Перчатки свыше 1000 В;2 пары на 2 года;;
;;;;Средства индивидуальной защиты головы от поражения электрическим током;Каска защитная Электроизоляция 1000 В;1 на 2 года;;
;;;;Обувь специальная диэлектрическая резиновая или из полимерных материалов;"Галоши
Боты";дежурные;Коврик диэлектрический;дежурный
3.2;Шаговое напряжение;3.2.1;Воздействие электрического тока на работника, вследствие его прохождения через ткани и органы;Обувь специальная диэлектрическая резиновая или из полимерных материалов;"Галоши
Боты";дежурные;;
3.3;Искры, возникающие вследствие накопления статического электричества, в том числе при работе во взрывопожарноопасной среде;3.3.1;Возникновение ожога вследствие поджигания взрывопожарноопасной среды;Одежда специальная для защиты от воздействия статического электричества;Костюм;1 шт.;Комбинезон;1 шт.
;;;;Средства индивидуальной защиты рук для защиты от воздействия статического электричества;Перчатки;12 пар;;
;;;;Обувь специальная для защиты от статического электричества;"Ботинки
Полуботинки
Сапоги
Полусапоги";1 пара;;
;;;;;;;Браслет антиэлектростатический Кольцо антиэлектростатическое;2 шт.
3.4;Наведенное напряжение в отключенной электрической цепи (электромагнитное воздействие параллельной воздушной электрической линии или электричества, циркулирующего в контактной сети);3.4.1;Поражение током от наведенного напряжения;Комплект для защиты от воздействия электрических полей промышленной частоты и поражения электрическим током наведенного напряжения;;1 комп. на 2 года;;
;;;;Перчатки экранирующие электропроводящие;;1 пара;;
3.5;Энергия, выделяемая при возникновении электрической дуги;3.5.1;Ожоги кожных покровов работника, вследствие термического воздействия электрической дуги;Одежда специальная для защиты от термических рисков электрической дуги;Костюм;1 шт. на 2 года;;
;;;;;По уровням защиты;;;
;;;;;Куртка-накидка;1 шт. на 2 года;;
;;;;;Куртка-рубашка;1 шт.;;
;;;;;Комбинезон;1 на 2 года;;
;;;;;Плащ;1 на 3 года;;
;;;;;Жилет повышенной видимости 2 класса защиты из огнестойких материалов;1 шт.;;
;;;;Белье специальное хлопчатобумажное;"Футболка
Кальсоны/панталоны";2 компл.;;
;;;;или;;;;
;;;;Белье специальное термостойкое;"Футболка
Кальсоны/панталоны";2 компл.;;
;;;;;Фуфайка-свитер;1 шт.;;
;;;;Обувь специальная для защиты от термических рисков электрической дуги;"Ботинки
Полусапоги
Сапоги";1 пара;;
;;;;;Сапоги резиновые термостойкие;1 пара;;
;;;;Средства индивидуальной защиты головы для защиты от повышенных температур;Подшлемник термостойкий;2 шт.;;
;;;;Средства индивидуальной защиты головы для защиты от повышенных температур и поражения электрическим током;Каска термостойкая защитная;1 шт. на 2 года;;
;;;;Средства индивидуальной защиты лица от термических рисков электрической дуги;Щиток защитный лицевой с термостойкой окантовкой;1 шт. на 2 года;;
;;;;Средства индивидуальной защиты рук термостойкие;Перчатки термостойкие;6 пар;;
3.6;Другие опасности, связанные с воздействием электрического тока, статического электричества, а также с воздействием термических рисков электрической дуги;;В случае идентификации иных опасностей на рабочем месте работник обеспечивается средствами индивидуальной защиты, необходимыми для защиты от идентифицированных опасностей. Номенклатуру, количество и сроки носки определяет работодатель в соответствии с Правилами и на основании нормативно-технической документации изготовителя;;;;;
;;;4. Опасности, связанные с воздействием повышенных/пониженных температур;;;;;
4.1;Поверхности, имеющие высокую температуру (воздействие конвективной теплоты);4.1.1;Ожог кожных покровов работника вследствие контакта с поверхностью имеющую высокую температуру;Одежда специальная для защиты от конвективной теплоты;Костюм;1 шт.;Комбинезон;1 шт.
;;;;;;;1 шт.;
;;;;Обувь специальная для защиты от контакта с нагретыми поверхностями;"Полуботинки
Ботинки
Полусапоги
Сапоги";1 пара;;
;;;;Средства индивидуальной защиты рук для защиты от конвективной теплоты;"Перчатки
Рукавицы";12 пар;Нарукавники для защиты от конвективной теплоты;12 пар
;;;;Средства индивидуальной защиты головы: головные уборы для защиты от конвективной теплоты;Подшлемник;1 шт. на 2 года;"Шлем
Шапка";1 шт. на 2 года
;;;;Средства индивидуальной защиты глаз и лица от конвективной теплоты;;;Щиток защитный лицевой;1 шт.
4.2;Материал, жидкость или газ, имеющие высокую температуру;4.2.1;Ожог кожных покровов и слизистых работника в следствие контакта с материалом, жидкостью или газом, имеющим высокую температуру;Одежда специальная для защиты от конвективной теплоты;Костюм;1 шт.;Комбинезон;1 шт.
;;;;Обувь специальная для защиты от контакта с нагретыми поверхностями;"Полуботинки
Ботинки
Полусапоги
Сапоги";1 пара;;
;;;;Средства индивидуальной защиты рук для защиты от конвективной теплоты;"Перчатки
Рукавицы";12 пар;Нарукавники для защиты от конвективной теплоты;12 пар
;;;;Средства индивидуальной защиты головы для защиты от повышенных температур;Каска защитная до +150 °C;1 шт. на 2 года;Головной убор для защиты от конвективной теплоты: подшлемник, шлем;1 шт. на два года
;;;;Средства индивидуальной защиты лица от брызг жидкостей;Щиток защитный;1 шт. на 2 года;;
;;;;Средства индивидуальной защиты органов дыхания фильтрующего типа противоаэрозольные, противогазоаэрозольные (комбинированные);Противоаэрозольные и противоаэрозольные с дополнительной защитой от газов и паров средства индивидуальной защиты органов дыхания с фильтрующей лицевой частью - фильтрующие полумаски;определяется документами изготовителя;"Респиратор
Противогаз";определяется документами изготовителя
;;;;;Изолирующие лицевые части (маски, полумаски, четвертьмаски) для средств индивидуальной защиты (используемые совместно со сменными фильтрами);;;
;;;;;Сменные фильтры (фильтрующие элементы: противоаэрозольные, противогазовые, противогазоаэрозольные (комбинированные) для средств индивидуальной защиты;;;
;;;;;Средства индивидуальной защиты органов дыхания с принудительной подачей воздуха;;;
;;;;;Фильтрующие самоспасатели;;;
4.3;Другие опасности, связанные с воздействием конвективной теплоты;;В случае идентификации иных опасностей на рабочем месте работник обеспечивается средствами индивидуальной защиты, необходимыми для защиты от идентифицированных опасностей. Номенклатуру, количество и сроки носки определяет работодатель в соответствии с Правилами и на основании нормативно-технической документации изготовителя;;;;;
4.4;Энергия открытого пламени, выплесков металлов, искр и брызг расплавленного металла и металлической окалины;4.4.1;Ожог кожных покровов и слизистых работника воздействия открытого пламени;Одежда специальная для защиты от кратковременного воздействия открытого пламени;Костюм;1 шт.;Комбинезон;1 шт.
;;;;Средства индивидуальной защиты рук для защиты от кратковременного воздействия открытого пламени;"Перчатки
Рукавицы";12 пар;Нарукавники;12 пар
;;;;Обувь специальная для защиты от кратковременного воздействия открытого пламени и от контакта с нагретыми поверхностями;"Ботинки
Полусапоги
Сапоги";1 пара;;
;;;;Средства индивидуальной защиты головы: головной убор для защиты от кратковременного воздействия открытого пламени;Подшлемник;1 шт. на 2 года;"Шлем
Шапка";1 шт. на 2 года
;;;;Средства индивидуальной защиты головы для защиты от повышенных температур;"Каска защитная
+150 °C";1 шт. на 2 года;;
;;;;Средства индивидуальной защиты лица от теплового излучения;Щиток защитный лицевой;1 шт.;;
;;4.4.2;Ожог роговицы глаза работника горячими жидкостями и газами, а также тепловым излучением и воздействием открытого пламени;Средства индивидуальной защиты лица от теплового излучения;Очки защитные;1 шт.;;
;;;;;Щиток защитный;1 шт.;;
;;4.4.3;Ожог кожных покровов и слизистых работника от воздействия искр и брызг расплавленного металла и окалины;Одежда специальная для защиты от искр и брызг расплавленного металла, окалины;Костюм;1 шт.;Комбинезон по классам защиты;1 шт.
;;;;;По классам защиты;;;
;;;;;;;Фартук для защиты от искр и брызг расплавленного металла, окалины;1 шт.
;;;;Обувь специальная для защиты искр и брызг расплавленного металла, окалины;"Ботинки
Полусапоги
Сапоги";1 пара;;
;;;;Средства индивидуальной защиты рук для защиты от искр и брызг расплавленного металла, окалины;"Перчатки
Рукавицы";12 пар;Нарукавники;12 пар
;;;;Средства индивидуальной защиты головы: головной убор для защиты от искр и брызг расплавленного металла, окалины;Подшлемник;1 шт.;Пелерина;1 шт.
;;;;;;;Шлем;1 шт.
;;;;Средства индивидуальной защиты глаз и лица от брызг расплавленного металла и горячих частиц;"Очки защитные
Щиток защитный";определяется документами изготовителя;;
;;;;;в том числе с автоматическим светофильтром;;;
;;4.4.4;Ожог кожных покровов и слизистых работника вследствие выплеска расплавленного металла;Одежда для защиты от выплесков расплавленного металла;"Костюм
Плащ";1 шт.;Комбинезон;1 шт.
;;;;;;;Плащ;1 шт.
;;;;;;;Пелерина для защиты от выплесков расплавленного металла;1 шт.
;;;;Средства индивидуальной защиты рук от выплесков расплавленного металла;"Перчатки
Рукавицы";12 пар;Нарукавники для защиты от выплесков расплавленного металла;12 пар
;;;;Обувь специальная для защиты от контакта с нагретыми поверхностями;"Полуботинки
Ботинки
Полусапоги
Сапоги";1 пара;;
;;;;Средства индивидуальной защиты головы для защиты от повышенных температур;"Каска защитная
+150 °C";1 шт. на 2 года;;
;;;;Средства индивидуальной защиты глаз и лица от брызг расплавленного металла и горячих частиц;Очки защитные Щиток защитный;определяется документами изготовителя;;
;;;;;в том числе с автоматическим светофильтром;;;
;;4.4.5;Другие опасные события, связанные с получением ожога;В случае идентификации иных опасностей на рабочем месте работник обеспечивается средствами индивидуальной защиты, необходимыми для защиты от идентифицированных опасностей. Номенклатуру, количество и сроки носки определяет работодатель в соответствии с Правилами и на основании нормативно-технической документации изготовителя;;;;
4.5;Охлажденная поверхность, охлажденная жидкость или газ;4.5.1;Обморожение мягких тканей работника из-за контакта с поверхностью имеющую низкую температуру, с охлажденной жидкостью или газом;Средства индивидуальной защиты рук для защиты от контакта с охлажденными поверхностями;"Перчатки
Рукавицы";12 пар;;
;;;;Средства индивидуальной защиты ног для защиты от контакта с охлажденными поверхностями;;;Наколенники;определяется документами изготовителя
;;;;Обувь специальная резиновая или из полимерных материалов) для защиты от воды;"Галоши
Полусапоги
Сапоги";1 пара;;
;;;;или;;;;
;;;;Обувь специальная для защиты от воды и растворов нетоксичных веществ;"Ботинки
Полусапоги
Сапоги";1 пара;;
4.6;Другие опасности, связанные с повышенными и пониженными температурами;;В случае идентификации иных опасностей на рабочем месте работник обеспечивается средствами индивидуальной защиты, необходимыми для защиты от идентифицированных опасностей. Номенклатуру, количество и сроки носки определяет работодатель в соответствии с Правилами и на основании нормативно-технической документации изготовителя;;;;;
4.7;Низкая температура окружающей среды в рабочей зоне, в том числе связанная с климатом;4.7.1;Простудное заболевание работника из-за воздействия пониженной температуры воздуха, обморожения мягких тканей, в том числе мягких тканей конечностей;Одежда специальная для защиты от пониженных температур, пониженных температур и ветра;Костюм/комплект (в том числе отдельными предметами: куртка, брюки, полукомбинезон, жилет);По климатическим поясам и классам защиты;Комбинезон;По климатическим поясам и классам защиты
;;;;;;;Белье специальное утепленное (кальсоны/панталоны утепленные, фуфайка, утепленная);2 шт.
;;;;;;;или;
;;;;;;;Термобелье специальное (кальсоны/панталоны, фуфайка);2 шт.
;;;;;;;Изделия носочно-чулочные;12 пар
;;;;Обувь специальная для защиты от пониженных температур;"Ботинки
Полусапоги
Сапоги";по климатическим поясам;Обувь валяная;по климатическим поясам по климатическим поясам
;;;;;;;Унты (сапоги) меховые;
;;;;Средства индивидуальной защиты рук для защиты от пониженных температур;"Перчатки
Рукавицы по климатическим поясам";4 пары;Рукавицы меховые;1 пара на 2 года
;;;;Средства индивидуальной защиты головы: головной убор для защиты от пониженных температур;Подшлемник;1 шт.;Подшлемник меховой;1 шт. на 3 года
;;;;;По климатическим поясам;;Шапка;1 шт.
;;;;;;;Шлем;1 шт.
4.8;Высокая температура окружающей среды, в рабочей зоне, в том числе связанная с климатом;4.8.1;Тепловой удар при длительном нахождении на открытом воздухе при прямом воздействии лучей солнца на незащищенную поверхность головы;Одежда специальная для защиты от общих производственных загрязнений;Костюм (в том числе отдельными предметами: куртка, брюки, полукомбинезон);1 шт.;Костюм (в том числе отдельными предметами: рубашка, сорочка, юбка);1 шт.
;;;;;;1 шт.;Комбинезон;1 шт.
;;;;;облегченные;;Халат;1 шт.
;;;;;;;облегченные;
;;;;;;;1 шт.;
;;;;Обувь специальная для защиты от общих производственных загрязнений;Полуботинки (в том числе с перфорационными отверстиями) Полуботинки;1 пара;Туфли (сабо);1 пара
;;;;Средства индивидуальной защиты головы: головной убор для защиты от общих производственных загрязнений;;;"Кепка
Бейсболка
Колпак
Козырек
Косынка
Пилотка";1 шт.
;;4.8.2;"Тепловой удар при длительном нахождении в помещении с высокой температурой воздуха;
тепловой удар при длительном нахождении в помещении с высокой температурой воздуха;";Одежда для защиты от теплового излучения;Костюм;1 шт.;Комбинезон;1 шт.
;;;;;или;;;
;;;;;Плащ;1 шт.;;
;;;;Средства индивидуальной защиты рук для защиты от теплового излучения;"Перчатки
Рукавицы";12 пар;Нарукавники для защиты от теплового излучения;12 пар
;;;;Обувь специальная для защиты от контакта с нагретыми поверхностями;"Полуботинки
Ботинки
Полусапоги
Сапоги";1 пара;;
;;;;Головной убор для защиты от теплового излучения;Шлем;1 шт.;"Подшлемник
Шапка";1 шт.
;;;;Средства индивидуальной защиты лица от теплового излучения;Щиток;1 шт.;;
4.9;Высокая влажность окружающей среды в рабочей зоне, в том числе, связанная с климатом;4.9.1;Воздействие влажности в виде тумана, росы, атмосферных осадков, конденсата, струй и капель жидкости;Одежда специальная для защиты от воды;"Пальто
полупальто
плащ";1 шт. на 2 года;Ветровка штормовка или куртка-накидка;1 шт. на 2 года
;;;;;Костюм, в том числе отдельными предметами: куртка, брюки, полукомбинезон по классам защиты;;;
;;;;;;;Комбинезон;1 шт. на 2 года
;;;;;;;по классам защиты;
;;;;Средства индивидуальной защиты рук для защиты от воды и растворов нетоксичных веществ;"Перчатки
Рукавицы";6 пар;Нарукавники;определяется документами изготовителя
;;;;;Водонепроницаемые;;;
;;;;Обувь специальная резиновая или из полимерных материалов для защиты от воды;"Галоши
Полусапоги
Сапоги";1 пара;;
;;;;или;;;;
;;;;Обувь специальная для защиты от воды и растворов нетоксичных веществ;"Ботинки
Полусапоги
Сапоги";1 пара;;
4.10;Низкая температура окружающей среды и ветер на рабочем месте;4.10.1;Заболевание работника из-за воздействия движения воздуха и (или) пониженной температуры;Одежда специальная для защиты от пониженных температур и ветра;Костюм (в том числе отдельными предметами: куртка, брюки, полукомбинезон, жилет);1 шт.;Комбинезон;1 шт.
;;;;;;1 шт.;"Одежда специальная для защиты от прохладной окружающей среды и ветра
или
Костюм (в том числе отдельными предметами: куртка, брюки, полукомбинезон, жилет)";1 шт.
;;;;;по климатическим поясам и классам защиты;;;
;;;;Средства индивидуальной защиты головы: головной убор для защиты от пониженных температур;Подшлемник;1 шт.;"Шапка
или
Шлем";1 шт.
;;;;;по климатическим поясам;;;
;;;;;;;по климатическим поясам;
;;;;;;;1 шт.;
;;;;Дерматологические средства индивидуальной защиты защитного типа средства при негативном влиянии окружающей среды от воздействия низких температур, ветра;"Крем
Лосьон
Гель
Спрей";600 мл.;;
;;;;Дерматологические средства индивидуальной защиты регенерирующего (восстанавливающего) типа;"Крем
Лосьон
Гель
Спрей";600 мл.;;
;;4.10.2;Другие опасные события, связанные с климатом в рабочей зоне;В случае идентификации иных опасностей на рабочем месте работник обеспечивается средствами индивидуальной защиты, необходимыми для защиты от идентифицированных опасностей. Номенклатуру, количество и сроки носки определяет работодатель в соответствии с Правилами и на основании нормативно-технической документации изготовителя;;;;
5. Опасности, связанные с недостатком кислорода;;;;;;;;
5.1;Недостаток кислорода в воздухе рабочей зоны в замкнутых технологических емкостях, из-за вытеснения его другими газами или жидкостями;5.1.1;Развитие гипоксии или удушья из-за недостатка кислорода;"Средства индивидуальной защиты органов дыхания изолирующие на химически связанном кислороде
или";Дыхательные аппараты Самоспасатели;определяется документами изготовителя;;
;;;;"Средства индивидуальной защиты органов дыхания изолирующие со сжатым воздухом
или";Дыхательные аппараты Самоспасатели;;;
;;;;"Средства индивидуальной защиты органов дыхания со сжатым кислородом
или";Дыхательные аппараты Самоспасатели;;;
;;;;Средства индивидуальной защиты органов дыхания изолирующие неавтономные с подачей чистого воздуха по шлангу/магистрали;Дыхательные аппараты;;;
5.2;Недостаток кислорода в воздухе рабочей зоны при работе в подземных сооружениях;5.2.2;Развитие гипоксии или удушья из-за недостатка кислорода;"Средства индивидуальной защиты органов изолирующие дыхания на химически связанном кислороде
или";Дыхательные аппараты Самоспасатели;определяется документами изготовителя;;
;;;;"Средства индивидуальной защиты органов дыхания изолирующие со сжатым воздухом
или";Дыхательные аппараты Самоспасатели;;;
;;;;"Средства индивидуальной защиты органов дыхания изолирующие со сжатым кислородом
или";Дыхательные аппараты Самоспасатели;;;
;;;;Средства индивидуальной защиты органов дыхания неавтономные с подачей чистого воздуха по шлангу/магистрали;Дыхательные аппараты;;;
5.3;Другие опасности, связанные с недостатком кислорода в воздухе рабочей зоны;;В случае идентификации иных опасностей на рабочем месте работник обеспечивается средствами индивидуальной защиты, необходимыми для защиты от идентифицированных опасностей. Номенклатуру, количество и сроки носки определяет работодатель в соответствии с Правилами и на основании нормативно-технической документации изготовителя;;;;;
;6. Химические опасности;;;;;;;
6.1.;Вода и растворы нетоксичных веществ;6.1.1;Повреждение здоровья работника вследствие контакта с водой и/или растворами нетоксичных веществ;Одежда специальная для защиты от воды и растворов нетоксичных веществ;"Фартук
Костюм";1 шт.;Гидрокостюмы для работников морских платформ;определяется документами изготовителя
;;;;Средства индивидуальной защиты рук для защиты от воды и растворов нетоксичных веществ;"Перчатки
Рукавицы";12 пар;;
;;;;Обувь специальная для защиты от воды и растворов нетоксичных веществ;"Ботинки
Полусапоги
Сапоги";1 пара;;
;;;;Средства индивидуальной защиты глаз и лица от химических факторов;Очки защитные, в том числе с покрытием от запотевания Очки защитные от грубодисперсных аэрозолей (пыли);1 шт.;Очки защитные от механических воздействий с корригирующим эффектом;1 шт.
;;;;;Щиток защитный лицевой;1 шт.;;
;;6.1.2;Другие опасные события, связанные с контактом с водой и растворами нетоксичных веществ;В случае идентификации иных опасностей на рабочем месте работник обеспечивается средствами индивидуальной защиты, необходимыми для защиты от идентифицированных опасностей. Номенклатуру, количество и сроки носки определяет работодатель в соответствии с Правилами и на основании нормативно-технической документации изготовителя;;;;
6.2;Высокоопасные вещества;6.2.1;Химические ожоги кожи при контакте с опасными веществами и/или поражение слизистых при контакте с опасными веществами и/или отравление организма при контакте с высокоопасными веществами и/или вдыхание высокоопасных веществ и/или контакт с патогенными микроорганизмами;"Одежда специальная изолирующая для защиты от химических факторов (в том числе применяемая для защиты от биологических факторов (микроорганизмов)
или";"Костюм изолирующий
Комбинезон";определяется документами изготовителя;;
;;;;"Одежда специальная изолирующая для защиты от химических факторов (в том числе применяемый для защиты от биологических факторов (микроорганизмов) с принудительной подачей воздуха
и/или";Комбинезон изолирующий с принудительной подачей воздуха;определяется документами изготовителя;;
;;;;;;;;
;;;;Одежда специальная для ограниченной защиты от токсичных веществ и/или;Комбинезон;определяется документами изготовителя;;
;;;;Одежда специальная ограниченного срока использования для защиты от токсичных веществ;Комбинезон;определяется документами изготовителя;;
;;;;Средства индивидуальной защиты рук от биологических факторов (микроорганизмов);"Перчатки
Рукавицы";12 пар;Нарукавники;12 пар
;;;;Обувь специальная резиновая или из полимерных материалов для защиты от кислот;"Сапоги
Полусапоги";1 пара;;
;;;;или;;;;
;;;;Обувь специальная резиновая или из полимерных материалов для защиты от щелочей;"Сапоги
Полусапоги";1 пара;;
;;;;Средства индивидуальной защиты органов дыхания фильтрующего типа противоаэрозольные;Противоаэрозольные и противоаэрозольные с дополнительной защитой от газов и паров средства индивидуальной защиты органов дыхания с фильтрующей лицевой частью - фильтрующие полумаски;определяется документами изготовителя;Респиратор;определяется документами изготовителя
;;;;;;;Противогаз;
;;;;или;;;;
;;;;Средства индивидуальной защиты органов дыхания фильтрующего типа Противогазоаэрозольные (комбинированные);Изолирующие лицевые части (маски, полумаски, четвертьмаски) для средств индивидуальной защиты (используемые совместно со сменными фильтрами);определяется документами изготовителя;;
;;;;или;Сменные фильтры (фильтрующие элементы: противоаэрозольные, противогазовые, противогазоаэрозольные (комбинированные) для средств индивидуальной защиты;;;
;;;;Средства индивидуальной защиты органов дыхания изолирующие с принудительной подачей воздуха;Дыхательные аппараты Самоспасатели;определяется документами изготовителя;;
;;;;Средства индивидуальной защиты органов изолирующие дыхания на химически связанном кислороде -;Дыхательные аппараты Самоспасатели;;;
;;;;или;;;;
;;;;Средства индивидуальной защиты органов дыхания изолирующие со сжатым воздухом;Дыхательные аппараты Самоспасатели;;;
;;;;или;;;;
;;;;Средства индивидуальной защиты органов дыхания изолирующие со сжатым кислородом;Дыхательные аппараты Самоспасатели;;;
;;;;или;;;;
;;;;Средства индивидуальной защиты органов дыхания изолирующие неавтономные с подачей чистого воздуха по шлангу/магистрали;Дыхательные аппараты;;;
6.3;Растворы кислот, щелочей, смазочно-охлаждающих жидкостей на водной основе, щелочемасляных эмульсий;6.3.1;Дерматиты, химические ожоги и другие воздействия на кожные покровы работника кислот, щелочей, смазочно-охлаждающих жидкостей на водной основе, щелочемасляных эмульсий;Одежда специальная для защиты от химических факторов: щелочей и/или растворов кислот;"Костюм для защиты от растворов кислот
или";1 шт.;"Фартук для защиты от растворов кислот
или";1 шт.
;;;;;"Комбинезон для защиты от растворов кислот
и/или";1 шт.;Фартук для защиты от щелочей;1 шт.
;;;;;"Костюм для защиты от щелочей
или";1 шт.;"Халат для защиты от растворов кислот
Или";
;;;;;Комбинезон для защиты от щелочей;1 шт.;Халат для защиты от щелочей;
;;;;Обувь специальная резиновая или из полимерных материалов для защиты от кислот;"Сапоги
Полусапоги";1 пара;;
;;;;или;;;;
;;;;Обувь специальная резиновая или из полимерных материалов для защиты от щелочей;"Сапоги
Полусапоги";1 пара;;
;;;;Средства индивидуальной защиты рук от химических факторов: растворов кислот;Перчатки, в том числе перчатки камерные Рукавицы;12 пар;Нарукавники;12 пар
;;;;Средства индивидуальной защиты глаз и лица от химических факторов;"Очки
закрытого или открытого типа";1 шт.;Щиток;1 шт.
6.4;Повышенная концентрация паров вредных жидкостей, газов в воздухе рабочей зоны (а также пыль, туман, дым);6.4.1;"Вдыхание работником паров вредных жидкостей, газов (а также пыли, тумана, дыма); поражение легких от вдыхания вредных паров или газов; поражение слизистых оболочек дыхательных путей от вдыхания вредных паров или газов";Средства индивидуальной защиты органов дыхания фильтрующие;Противоаэрозольные и противоаэрозольные с дополнительной защитой от газов и паров средства индивидуальной защиты органов дыхания с фильтрующей лицевой частью - фильтрующие полумаски;определяется документами изготовителя;"Респиратор
Противогаз";определяется документами изготовителя
;;;;;Изолирующие лицевые части (маски, полумаски, четвертьмаски) для средств индивидуальной защиты (используемые совместно со сменными фильтрами) Сменные фильтры (фильтрующие элементы: противоаэрозольные, противогазовые, противогазоаэрозольные (комбинированные) для средств индивидуальной защиты;определяется документами изготовителя;;
;;;;;Средства индивидуальной защиты органов дыхания с принудительной подачей воздуха Фильтрующие самоспасатели;определяется документами изготовителя;;
6.5;Вещества, способные вызвать химический ожог роговицы глаза;6.5.1;Химический ожог роговицы глаза работника из-за попадания опасных веществ в глаза;Средства индивидуальной защиты глаз от химических факторов;Очки закрытого типа;1 шт.;;
;;;;;;Средства оказания первой помощи;Жидкость для промывания глаз;определяется документами изготовителя
6.6;Токсичные пары, газы, аэрозоли, выделяемые при нагревании или горении, не связанном с технологическим процессом производства, в том числе при пожаре;6.6.1;Вдыхание работником токсичных паров, газов, аэрозолей, образовавшихся при нагревании веществ, при их горении, в том числе при пожаре;Средства индивидуальной защиты органов дыхания фильтрующего типа противоаэрозольные;Изолирующие лицевые части (маски, полумаски, четвертьмаски) для средств индивидуальной защиты (используемые совместно со сменными фильтрами);определяется документами изготовителя;Респиратор;определяется документами изготовителя
;;;;;;;Противогаз;
;;;;или;;;;
;;;;Средства индивидуальной защиты органов дыхания фильтрующего типа Противогазоаэрозольные (комбинированные);;;;
;;;;;Сменные фильтры (фильтрующие элементы: противогазовые, противогазоаэрозольные (комбинированные) для средств индивидуальной защиты;определяется документами изготовителя;;
;;;;;Фильтрующие самоспасатели;определяется документами изготовителя;;
;;;;;Противоаэрозольные с дополнительной защитой от газов и паров средства индивидуальной защиты органов дыхания с фильтрующей лицевой частью - фильтрующие полумаски;определяется документами изготовителя;;
6.7;Нефть, нефтепродукты, смазочные масла, воздействующие на кожные покровы;6.7.1;Дерматиты вследствие воздействия на кожные покровы работника технических (смазочных) масел, нефти и/или нефтепродуктов;Одежда специальная для защиты от нефти и/или нефтепродуктов;Костюм;1 шт.;"Комбинезон
Плащ";"1 шт.
1 шт. на 2 года"
;;;;;;;Одежда специальная ограниченного срока использования для защиты от токсичных веществ;определяется документами изготовителя
;;;;Средства индивидуальной защиты рук от нефти и нефтепродуктов;"Перчатки
Рукавицы";12 пар;Нарукавники;12 пар
;;;;Обувь специальная для защиты от нефти и/или нефтепродуктов;"Ботинки,
Полуботинки,
Сапоги,
Полусапоги";1 пара;;
;;;;Обувь специальная резиновая или из полимерных материалов для защиты от нефти и/или нефтепродуктов и жиров;Сапоги, Полусапоги;1 пара;;
6.8;Чистящие и обеззараживающие, дезинфицирующие вещества;6.8.1;Дерматиты, вследствие воздействия на кожные покровы чистящих и обеззараживающих, дезинфицирующих веществ;Одежда специальная для защиты от воды и растворов нетоксичных веществ;Костюм, в том числе отдельными предметами: куртка, брюки, полукомбинезон;1 шт.;Одежда специальная ограниченного срока использования для защиты от токсичных веществ;определяется документами изготовителя
;;;;;и/или;;;
;;;;;Фартук;;;
;;;;Средства индивидуальной защиты органов рук для защиты от воды и растворов нетоксичных веществ;"Перчатки
Рукавицы";12 пар;;
6.9;Другие опасности, связанные с воздействием химического фактора на работника;;В случае идентификации иных опасностей на рабочем месте работник обеспечивается средствами индивидуальной защиты, необходимыми для защиты от идентифицированных опасностей. Номенклатуру, количество и сроки носки определяет работодатель в соответствии с Правилами и на основании нормативно-технической документации изготовителя;;;;;
7. Опасность воздействия повышенной концентрации аэрозолей преимущественно фиброгенного действия (АПФД);;;;;;;;
7.1;Пыль в воздухе рабочей зоны;7.1.1;Негативное воздействия пыли на глаза работника;Средства индивидуальной защиты глаз от механических воздействий, газов и мелкодисперсных аэрозолей;Очки защитные закрытые;1 шт.;;
;;;;или;;;;
;;;;Средства индивидуальной защиты глаз от механических воздействий, от грубодисперсных аэрозолей (пыли);Очки защитные закрытые;1 шт.;;
;;7.1.2;Негативное воздействия пыли на органы дыхания;Средства индивидуальной защиты органов дыхания фильтрующего типа противоаэрозольные;Противоаэрозольные и противоаэрозольные с дополнительной защитой от газов и паров средства индивидуальной защиты органов дыхания с фильтрующей лицевой частью - фильтрующие полумаски;определяется документами изготовителя;Респиратор;определяется документами изготовителя
;;;;;;;Противогаз;
;;;;;Изолирующие лицевые части (маски, полумаски, четвертьмаски) для средств индивидуальной защиты (используемые совместно со сменными фильтрами);определяется документами изготовителя;;
;;;;;Сменные фильтры (фильтрующие элементы: противоаэрозольные, противогазовые, противогазоаэрозольные (комбинированные) для средств индивидуальной защиты;определяется документами изготовителя;;
;;;;;Средства индивидуальной защиты органов дыхания с принудительной подачей воздуха;определяется документами изготовителя;;
;;7.1.3;Негативное воздействия пыли на кожу (дерматиты);Одежда специальная для защиты от нетоксичной пыли;Костюм, в том числе с головным убором;1 шт.;Одежда специальная ограниченного срока использования комбинезон, в том числе с головным убором;определяется документами изготовителя
;;;;;;;;1 шт.
;;;;Средства индивидуальной защиты рук для защиты от нетоксичной пыли;Перчатки Рукавицы;12 пар;;
7.2;Взвеси вредных химических веществ в воздухе рабочей зоны;7.2.1;Негативное воздействие воздушных взвесей вредных химических веществ на организм работника;Средства индивидуальной защиты органов дыхания фильтрующего типа противоаэрозольные, противогазоаэрозольные (комбинированные);Противоаэрозольные с дополнительной защитой от газов и паров средства индивидуальной защиты органов дыхания с фильтрующей лицевой частью - фильтрующие полумаски;определяется документами изготовителя;Фильтрующие самоспасатели;определяется документами изготовителя
;;;;;;;Респиратор;определяется документами изготовителя
;;;;;;;Противогаз;
;;;;;Изолирующие лицевые части (маски, полумаски, четвертьмаски) для средств индивидуальной защиты (используемые совместно со сменными фильтрами);определяется документами изготовителя;;
;;;;;Сменные фильтры (фильтрующие элементы: противоаэрозольные, противогазовые, противогазоаэрозольные (комбинированные) для средств индивидуальной защиты;определяется документами изготовителя;;
;;;;;Средства индивидуальной защиты органов дыхания с принудительной подачей воздуха;определяется документами изготовителя;;
;;;;Одежда специальная для ограниченной защиты от токсичных веществ;Костюм, в том числе с головным убором;1 шт.;Одежда специальная ограниченного срока использования Комбинезон, в том числе с головным убором;определяется документами изготовителя
;;;;;;;;1 шт.
;;;;Средства индивидуальной защиты глаз от механических воздействий, газов и мелкодисперсных аэрозолей;Очки защитные закрытые;1 шт.;;
;;;;или;;;;
;;;;Средства индивидуальной защиты глаз от механических воздействий, от грубодисперсных аэрозолей (пыли);;;;
7.3;Аэрозоли, воздушные взвеси, содержащие смазочные масла, чистящие и обезжиривающие вещества в воздухе рабочей зоны;7.3.1;Воздействия на органы дыхания работников воздушных взвесей, содержащих смазочные масла, чистящие и обезжиривающие вещества;Средства индивидуальной защиты органов дыхания фильтрующего типа противоаэрозольные, противогазоаэрозольные (комбинированные);Противоаэрозольные с дополнительной защитой от газов и паров средства индивидуальной защиты органов дыхания с фильтрующей лицевой частью - фильтрующие полумаски;определяется документами изготовителя;Респиратор;определяется документами изготовителя
;;;;;;;Противогаз;
;;;;;Изолирующие лицевые части (маски, полумаски, четвертьмаски) для средств индивидуальной защиты (используемые совместно со сменными фильтрами);определяется документами изготовителя;;
;;;;;Сменные фильтры (фильтрующие элементы: противоаэрозольные, противогазовые, противогазоаэрозольные (комбинированные) для средств индивидуальной защиты;определяется документами изготовителя;;
;;;;;Средства индивидуальной защиты органов дыхания с принудительной подачей воздуха;определяется документами изготовителя;;
7.4;Другие опасности, связанные с воздействием АПФД на работника;;В случае идентификации иных опасностей на рабочем месте работник обеспечивается средствами индивидуальной защиты, необходимыми для защиты от идентифицированных опасностей. Номенклатуру, количество и сроки носки определяет работодатель в соответствии с Правилами и на основании нормативно-технической документации изготовителя;;;;;
8. Опасность воздействия биологического фактора (микроорганизмы, насекомые, паукообразные);;;;;;;;
8.1;Наличие микроорганизмов-продуцентов, препаратов, содержащих живые клетки и споры микроорганизмов в окружающей среде: воздухе, воде, на поверхностях;8.1.1;Заражение работника вследствие воздействия микроорганизмов-продуцентов, препаратов, содержащих живые клетки и споры микроорганизмов в воздухе, воде, на поверхностях;Одежда специальная изолирующая для защиты от химических факторов (в том числе применяемая для защиты от биологических факторов (микроорганизмов);Комбинезон;определяется документами изготовителя;Одежда специальная ограниченного срока использования;определяется документами изготовителя
;;;;Средства индивидуальной защиты рук для защиты от биологических факторов (микроорганизмов);;;Перчатки;12 пар
;;;;Средства индивидуальной защиты органов дыхания фильтрующего типа противоаэрозольные;Противоаэрозольные и противоаэрозольные с дополнительной защитой от газов и паров средства индивидуальной защиты органов дыхания с фильтрующей лицевой частью - фильтрующие полумаски;определяется документами изготовителя;Респиратор;определяется документами изготовителя
;;;;;;;Противогаз;
;;;;или;;;;
;;;;Средства индивидуальной защиты органов дыхания фильтрующего типа Противогазоаэрозольные (комбинированные);;;;
;;;;;Изолирующие лицевые части (маски, полумаски, четвертьмаски) для средств индивидуальной защиты (используемые совместно со сменными фильтрами);определяется документами изготовителя;;
;;;;;Сменные фильтры (фильтрующие элементы: противоаэрозольные, противогазовые, противогазоаэрозольные (комбинированные) для средств индивидуальной защиты;определяется документами изготовителя;;
;;;;;Фильтрующие самоспасатели;определяется документами изготовителя;;
8.2;Патогенные микроорганизмы;8.2.1;Заболевание работника, связанное с воздействием патогенных микроорганизмов;Одежда специальная изолирующая для защиты от химических факторов (в том числе применяемая для защиты от биологических факторов (микроорганизмов);Комбинезон;определяется документами изготовителя;Одежда специальная ограниченного срока использования;определяется документами изготовителя
;;;;Средства индивидуальной защиты рук для защиты от биологических факторов (микроорганизмов);;;Перчатки;12 пар
;;;;Средства индивидуальной защиты органов дыхания фильтрующего типа противоаэрозольные;Противоаэрозольные и противоаэрозольные с дополнительной защитой от газов и паров средства индивидуальной защиты органов дыхания с фильтрующей лицевой частью - фильтрующие полумаски;определяется документами изготовителя;Респиратор;определяется документами изготовителя
;;;;;;;Противогаз;
;;;;или;;;;
;;;;Средства индивидуальной защиты органов дыхания фильтрующего типа Противогазоаэрозольные (комбинированные);;;;
;;;;;Изолирующие лицевые части (маски, полумаски, четвертьмаски) для средств индивидуальной защиты (используемые совместно со сменными фильтрами);определяется документами изготовителя;;
;;;;;Сменные фильтры (фильтрующие элементы: противоаэрозольные, противогазовые, противогазоаэрозольные (комбинированные) для средств индивидуальной защиты;определяется документами изготовителя;;
8.3;Наличие на рабочем месте паукообразных и кровососущих насекомых, способных являться переносчиками тяжелых инфекций;8.3.1;Заражение работника вследствие инфекции от укуса паукообразных и насекомых, микроорганизмами, переносчиками которых они являются;Одежда специальная от вредных биологических факторов паукообразных (клещей) и насекомых;Костюм, в том числе в комплекте с головным убором;1 комп.;Комбинезон, в том числе в комплекте с головным убором;1 комп.
;;;;Обувь специальная для защиты от вредных биологических факторов (клещей и кровососущих насекомых);;;"Ботинки
Полусапоги
Сапоги";1 шт.
;;;;Средства индивидуальной защиты головы: головной убор для защиты от биологических факторов (кровососущих насекомых);;;"Накомарник
Сетка наголовная";1 шт.
8.4;Другие опасности, связанные с воздействием биологического фактора на работника;В случае идентификации иных опасностей на рабочем месте работник обеспечивается средствами индивидуальной защиты, необходимыми для защиты от идентифицированных опасностей. Номенклатуру, количество и сроки носки определяет работодатель в соответствии с Правилами и на основании нормативно-технической документации изготовителя;;;;;;
9. Опасность физических перегрузок;;;;;;;;
9.1;Физические перегрузки при чрезмерных физических усилиях при подъеме предметов и деталей, при перемещении предметов и деталей;9.1.1;Повреждение костно-мышечного аппарата работника от физических перегрузок при чрезмерных физических усилиях при подъеме предметов и деталей, а также при перемещении предметов и деталей;Средства индивидуальной защиты опорно-двигательного аппарата от статических нагрузок (от утомляемости);;;Поддерживающий ремень для живота и поясницы;определяется документами изготовителя
;;;;;;;Промышленные экзоскелеты;
;;;;;;;Наколенники;
9.2;Физические перегрузки при стереотипных рабочих движениях, а также при статических нагрузках;9.2.1;Повреждение костно-мышечного аппарата работника при физических перегрузках от стереотипных рабочих движений, а также при статических нагрузках;Средства индивидуальной защиты опорно-двигательного аппарата от статических нагрузок (от утомляемости);;;Поддерживающий ремень для живота и поясницы;определяется документами изготовителя
;;;;;;;Промышленные экзоскелеты;
9.3;Физические перегрузки при неудобной рабочей позе, в том числе при наклонах корпуса тела работника более чем на 30°;9.3.1;Повреждение костно-мышечного аппарата работника при физических перегрузках вследствие перегрузок при неудобной рабочей позе, в том числе при наклонах корпуса тела работника более чем на 30°;Средства индивидуальной защиты опорно-двигательного аппарата от статических нагрузок (от утомляемости);;;Поддерживающий ремень для живота и поясницы;определяется документами изготовителя
;;;;;;;Промышленные экзоскелеты;
9.4;Другие опасности, связанные с физической перегрузкой;;В случае идентификации иных опасностей на рабочем месте работник обеспечивается средствами индивидуальной защиты, необходимыми для защиты от идентифицированных опасностей. Номенклатуру, количество и сроки носки определяет работодатель в соответствии с Правилами и на основании нормативно-технической документации изготовителя;;;;;
10. Опасность воздействия повышенного уровня шума;;;;;;;;
10.1;Повышенный уровня шума и другие неблагоприятные характеристики шума;10.1.1;Снижение остроты слуха, тугоухость, глухота, вследствие воздействия повышенного уровня шума и других неблагоприятных характеристик шума;Средства индивидуальной защиты органа слуха;Противошумные наушники и их комплектующие;определяется документами изготовителя;;
;;;;;или;;;
;;;;;Противошумные вкладыши (беруши);определяется документами изготовителя;;
;;;;;Выбираются в зависимости от уровня шума на рабочем месте с учетом необходимости коммуникации и возможности слышать звук специальных и аварийных сигналов и шум потенциально опасных машин и механизмов;;;
10.2;Повышенный (низкочастотный) уровень ультразвуковых колебаний (воздушный и контактный ультразвук);10.2.1;Негативное воздействие повышенного (низкочастотный) уровень ультразвуковых колебаний (воздушный и контактный ультразвук) на работника;Средства индивидуальной защиты рук от механических воздействий;Перчатки;12 пар;;
;;;;Средства индивидуальной защиты органа слуха;Противошумные наушники и их комплектующие;определяется документами изготовителя;Шлемофон летный;определяется документами изготовителя
;;;;;или;;;
;;;;;Противошумные вкладыши (беруши);определяется документами изготовителя;;
;;;;;Выбираются в зависимости от уровня шума на рабочем месте с учетом необходимости коммуникации и возможности слышать звук специальных и аварийных сигналов и шум потенциально опасных машин и механизмов;;;
10.3;Другие опасности, связанные с повышенным уровнем шума в рабочей зоне;;В случае идентификации иных опасностей на рабочем месте работник обеспечивается средствами индивидуальной защиты, необходимыми для защиты от идентифицированных опасностей. Номенклатуру, количество и сроки носки определяет работодатель в соответствии с Правилами и на основании нормативно-технической документации изготовителя;;;;;
11. Опасность от воздействия повышенной вибрации;;;;;;;;
11.1;Повышенная вибрация при использовании ручных механизмов;11.1.1;Воздействие локальной вибрации на руки работника при использовании ручных механизмов (сужение сосудов, болезнь белых пальцев);Средства индивидуальной защиты рук от вибрации;"Перчатки
Рукавицы";определяется документами изготовителя, но не менее 6 пар;Митенки;определяется документами изготовителя
;;;;;;;Выбираются по уровням защиты при контактных колебаниях;
;;;;;Выбираются по уровням защиты при контактных колебаниях;;;
11.2;Повышенная общая вибрация;11.2.1;Воздействие общей вибрации на тело работника;Обувь специальная для защиты от вибрации;"Полуботинки с перфорацией
Полуботинки
Ботинки
Полусапоги
Сапоги";1 пара;Антивибрационные коврики;определяется документами изготовителя, но не менее 1 шт.
11.3;Другие опасности, связанные с воздействием повышенной вибрации;;В случае идентификации иных опасностей на рабочем месте работник обеспечивается средствами индивидуальной защиты, необходимыми для защиты от идентифицированных опасностей. Номенклатуру, количество и сроки носки определяет работодатель в соответствии с Правилами и на основании нормативно-технической документации изготовителя;;;;;
12. Опасность, связанная с освещением/контрастностью в рабочей зоне;;;;;;;;
12.1;Недостаточная видимость (различимость) работника для других лиц, в том числе управляющих опасными машинами, механизмами;12.1.1;Получение работником травм (механических) в связи с недостаточной различимостью работника;Одежда специальная сигнальная повышенной видимости;"Костюм
Комбинезон
Плащ
Жилет";1 шт.;;
12.2;Повышенная яркость света;12.2.1;Повреждение органов зрения работника вследствие повышенной яркости света (фотоофтальмия);Средства индивидуальной защиты глаз от слепящей яркости и от ультрафиолетового излучения;Очки защитные открытые с затемненной линзой;1 шт.;Очки защитные от механических воздействий с корригирующим эффектом;1 шт.
;;;;Средства индивидуальной защиты головы: головные уборы для защиты от общих производственных загрязнений;;;"Кепка
Бейсболка
Козырек
Шляпа";1 шт.
12.3;Пониженная контрастность;12.3.1;Травма работника вследствие повышенной контрастности;Средства индивидуальной защиты глаз от механических воздействий, в том числе с покрытием от запотевания;Очки защитные открытые (с желтыми линзами);1 шт.;Очки защитные от механических воздействий с корригирующим эффектом;1 шт.
;;;;Одежда специальная сигнальная повышенной видимости;"Костюм
Комбинезон
Плащ
Жилет";1 шт.;;
12.4;Другие опасности, связанные с воздействием световой среды;;В случае идентификации иных опасностей на рабочем месте работник обеспечивается средствами индивидуальной защиты, необходимыми для защиты от идентифицированных опасностей. Номенклатуру, количество и сроки носки определяет работодатель в соответствии с Правилами и на основании нормативно-технической документации изготовителя;;;;;
13. Опасности, связанные с воздействием повышенного уровня неионизирующих излучений;;;;;;;;
13.1;Электростатические поля;13.1.1;Воздействие на организм работника электростатического поля;Одежда специальная для защиты от воздействия статического электричества;Костюм;1 шт.;;
;;;;;Комбинезон;;;
;;;;Средства индивидуальной защиты рук для защиты от воздействия статического электричества;Перчатки;12 пар;;
;;;;Обувь специальная для защиты от статического электричества;"Ботинки
Полуботинки
Сапоги
Полусапоги";1 пара;;
;;;;;;;"Браслет антиэлектростатический Кольцо
антиэлектростатическое";2 шт.
13.2;Электромагнитные поля;13.2.1;Воздействие на организм работника электромагнитного поля;Комплект для защиты от воздействия электромагнитных полей радиочастотного диапазона;"Комплектность:
Экранирующий комбинезон с капюшоном и защитным экраном - 1 шт.
Экранирующие перчатки - 2 пары
Экранирующие носки - 4 пары";1 на 1,5 года;;
13.3;Электрические поля промышленной частоты;13.3.1;Воздействие на организм работника электрического поля промышленной частоты;Комплект для защиты от воздействия электрических полей промышленной частоты;"Комплектность
Накасник экранирующий
Куртка экранирующая
Полукомбинезон/брюки экранирующие
Перчатки экранирующие
Ботинки экранирующие";1 на 1,5 года;;
13.4;Тепловое излучение;13.4.1;Ожоги кожных покровов и слизистых оболочек работника вследствие воздействия тепловое излучения;Одежда для защиты от теплового излучения;Костюм;1 шт.;"Комбинезон
Плащ";1 шт.
;;;;Средства индивидуальной защиты рук для защиты от теплового излучения;Перчатки Рукавицы;12 пар;Нарукавники для защиты от теплового излучения;12 пар
;;;;Обувь специальная для защиты от контакта с нагретыми поверхностями;"Полуботинки,
Ботинки,
Полусапоги,
Сапоги";1 пара;;
;;;;Головной убор для защиты от теплового излучения;Подшлемник;1 шт.;"Шапка
Шлем";1 шт.
;;;;Средства индивидуальной защиты лица от теплового излучения;Щиток;1 шт.;;
13.5;Лазерное излучение;13.5.1;Ожоги кожных покровов и слизистых оболочек работника вследствие воздействия лазерного излучения;Средства индивидуальной защиты глаз от лазерных излучений;Очки защитные открытые;1 шт.;;
13.6;Ультрафиолетовое излучение;13.6.1;Ожоги роговицы глаза и кожных покровов работника вследствие воздействия ультрафиолетового излучения;Средства индивидуальной защиты глаз от ультрафиолета;Очки защитные открытые;1 шт.;;
13.7;Другие опасности, связанные с воздействием неионизирующих излучений;;В случае идентификации иных опасностей на рабочем месте работник обеспечивается средствами индивидуальной защиты, необходимыми для защиты от идентифицированных опасностей. Номенклатуру, количество и сроки носки определяет работодатель в соответствии с Правилами и на основании нормативно-технической документации изготовителя;;;;;
14. Опасности, связанные с воздействием ионизирующих излучений;;;;;;;;
14.1;Гамма-излучение;14.1.1;Проявление лучевой болезни и других проявлений у работника вследствие воздействия гамма-излучения;Одежда специальная для защиты от радиационных факторов;Комбинезон изолирующий для защиты кожи и органов дыхания от радиоактивных веществ;определяется документами изготовителя;;
;;;;;Одежда специальная для защиты от радиоактивных веществ и ионизирующих излучений;;;
;;;;Одежда специальная защитная от радиоактивных веществ и ионизирующих излучений;Комбинезон изолирующий для защиты кожи и органов дыхания от радиоактивных веществ;определяется документами изготовителя;;
;;;;Обувь специальная для защиты от радиоактивных веществ и ионизирующих излучений;Ботинки;определяется документами изготовителя;;
;;;;Средства индивидуальной защиты рук для защиты от радиоактивных веществ и ионизирующих излучений;Перчатки, в том числе перчатки камерные;определяется документами изготовителя;;
;;;;Средства индивидуальной защиты глаз и лица от ионизирующих излучений;Очки защитные;определяется документами изготовителя;;
;;;;;Щиток защитный лицевой;;;
;;;;Средства индивидуальной защиты органов дыхания от радиоактивных веществ;Противоаэрозольные и противоаэрозольные с дополнительной защитой от газов и паров средства индивидуальной защиты органов дыхания с фильтрующей лицевой частью - фильтрующие полумаски Изолирующие лицевые части (маски, полумаски, четвертьмаски) для средств индивидуальной защиты (используемые совместно со сменными фильтрами) Сменные фильтры (фильтрующие элементы: противоаэрозольные, противогазовые, противогазоаэрозольные (комбинированные) для средств индивидуальной защиты Фильтрующие самоспасатели;определяется документами изготовителя;Средства индивидуальной защиты органов дыхания изолирующие на химически связанном кислороде (дыхательные аппараты, самоспасатели);определяется документами изготовителя
;;;;;;;"или
Средства индивидуальной защиты органов дыхания изолирующие со сжатым воздухом (дыхательные аппараты, самоспасатели)
или
Средства индивидуальной защиты органов дыхания изолирующие со сжатым кислородом (дыхательные аппараты, самоспасатели)";
;;;;;;;Респиратор;определяется документами изготовителя
;;;;;;;Противогаз;
14.2;Рентгеновское излучение;;;Одежда специальная защитная от радиоактивных веществ и ионизирующих излучений;Фартук;определяется документами изготовителя;;
;;;;Средства индивидуальной защиты рук от радиоактивных веществ и ионизирующих излучений;Перчатки, в том числе перчатки камерные;определяется документами изготовителя;;
;;;;Средства индивидуальной защиты глаз и лица защитные от ионизирующих излучений;Очки защитные;определяется документами изготовителя;;
;;;;;Щиток защитный лицевой;;;
14.3;Альфа-, бета-излучение, электронное или ионное и нейтронное излучение;14.3.1;Проявление лучевой болезни и других проявлений у работника вследствие альфа-, бета-излучений, электронного или ионного и нейтронного излучения;Одежда специальная защитная от радиоактивных веществ и ионизирующих излучений;Комбинезоны изолирующие для защиты кожи и органов дыхания от радиоактивных веществ;определяется документами изготовителя;;
;;;;Средства индивидуальной защиты рук от радиоактивных веществ и ионизирующих излучений;Перчатки, в том числе перчатки камерные;определяется документами изготовителя;;
;;;;Средства индивидуальной защиты органов дыхания (в том числе фильтрующие) от радиоактивных веществ;Противоаэрозольные и противоаэрозольные с дополнительной защитой от газов и паров средства индивидуальной защиты органов дыхания с фильтрующей лицевой частью - фильтрующие полумаски;определяется документами изготовителя;Средства индивидуальной защиты органов дыхания изолирующие на химически связанном кислороде (дыхательные аппараты, самоспасатели);определяется документами изготовителя
;;;;;;;;
;;;;;;;Или;
;;;;;;;"Средства индивидуальной защиты органов дыхания изолирующие со сжатым воздухом (дыхательные аппараты, самоспасатели)
или
Средства индивидуальной защиты органов дыхания изолирующие со сжатым кислородом (дыхательные аппараты, самоспасатели)";
;;;;;или;;;
;;;;;Изолирующие лицевые части (маски, полумаски, четвертьмаски) для средств индивидуальной защиты (используемые совместно со сменными фильтрами);определяется документами изготовителя;;
;;;;;"Сменные фильтры (фильтрующие элементы: противоаэрозольные, противогазовые, противогазоаэрозольные (комбинированные) для средств индивидуальной защиты
или Фильтрующие самоспасатели";определяется документами изготовителя;;
;;;;;;;Респиратор;определяется документами изготовителя
;;;;;;;Противогаз;
14.4;Другие опасности, связанные с воздействием ионизирующих излучений;;В случае идентификации иных опасностей на рабочем месте работник обеспечивается средствами индивидуальной защиты, необходимыми для защиты от идентифицированных опасностей. Номенклатуру, количество и сроки носки определяет работодатель в соответствии с Правилами и на основании нормативно-технической документации изготовителя;;;;;
15. Опасность нанесения увечий животными (млекопитающими, птицами, рыбами);;;;;;;;
15.1;Дикие или домашние животные;15.1.1;Последствия укуса работника животным;Средства индивидуальной защиты рук для защиты от механических воздействий (проколов, порезов);Рукавицы Перчатки;12 пар;;
;;15.1.2;Заражение работника вследствие прямого контакта с животными;Дераматологические средства индивидуальной защиты защитного типа: средства для защиты от воздействия биологических факторов (микроорганизмов): с антибактериальным (антимикробным) действием;"Спрей
Гель";1200 мл;;
;;;;или;;;;
;;;;Дераматологические средства индивидуальной защиты защитного типа: средства для защиты от воздействия биологических факторов (микроорганизмов): с противогрибковым (фунгицидным) действием);;;;
;;;;Средства индивидуальной защиты рук для защиты от воды и растворов нетоксичных веществ;"Перчатки
Рукавицы";12 пар;Нарукавники для защиты от;12 пар
15.2;Другие опасности, связанные с воздействием животных на работника;;В случае идентификации иных опасностей на рабочем месте работник обеспечивается средствами индивидуальной защиты, необходимыми для защиты от идентифицированных опасностей. Номенклатуру, количество и сроки носки определяет работодатель в соответствии с Правилами и на основании нормативно-технической документации изготовителя;;;;;
16. Опасность негативного воздействия растений;;;;;;;;
16.1;Пыльца, фитонциды и другие вещества, выделяемые растениями;16.1.1;Дерматиты и аллергические реакции работника вследствие воздействия пыльцы, фитонцидов и других веществ, выделяемых растениями;Средства индивидуальной защиты органов дыхания фильтрующего типа противоаэрозольные, противогазоаэрозольные (комбинированные);Противоаэрозольные средства индивидуальной защиты органов дыхания с фильтрующей лицевой частью - фильтрующие полумаски;определяется документами изготовителя;Респиратор;определяется документами изготовителя
;;;;;;;Противогаз;
;;;;;Изолирующие лицевые части (маски, полумаски, четвертьмаски) для средств индивидуальной защиты (используемые совместно со сменными фильтрами);определяется документами изготовителя;;
;;;;;Сменные фильтры (фильтрующие элементы: противоаэрозольные) для средств индивидуальной защиты;определяется документами изготовителя;;
;;;;;;;Одежда специальная ограниченного срока использования;определяется документами изготовителя
;;;;Средства индивидуальной защиты рук для защиты от биологических факторов (микроорганизмов);Перчатки;12 пар;Нарукавники;12 пар
;;;;или;;;;
;;;;Средства индивидуальной защиты рук от общих производственных загрязнений;"Перчатки
Рукавицы";12 пар;;
16.2;Растения, выделяющие вещества, приводящие к ожогам;16.2.1;Дерматиты и аллергические реакции, ожоги кожных покровов и слизистых оболочек работника вследствие воздействия растений, выделяющих вещества, приводящие к ожогам;Одежда специальная для защиты от общих производственных загрязнений;Костюм, в том числе отдельными предметами: куртка, брюки, полукомбинезон;1 шт.;Одежда специальная ограниченного срока использования;определяется документами изготовителя
;;;;;;;Комбинезон;1 шт.
;;;;Обувь специальная для защиты от общих производственных загрязнений;"Полуботинки с перфорацией
Полуботинки
Ботинки
Полусапоги
Сапоги";1 пара;;
;;;;и/или;;;;
;;;;Обувь специальная резиновая или из полимерных материалов для защиты от общих производственных загрязнений;"Полусапоги
Сапоги";1 пара;;
;;;;Средства индивидуальной защиты рук для защиты от биологических факторов (микроорганизмов);Перчатки;12 пар;Нарукавники;12 пар
;;;;или;;;;
;;;;Средства индивидуальной защиты рук от общих производственных загрязнений;"Перчатки
Рукавицы";12 пар;;
;;;;Средства индивидуальной защиты глаз и лица для защиты от брызг жидкостей;Очки;1 шт.;Щиток;1 шт.
16.3;Растения с листьями и стеблями, способными повредить кожу;16.3.1;Механические повреждения кожных покровов работника растениями с листьями и стеблями;Одежда специальная для защиты от общих производственных загрязнений;Костюм, в том числе отдельными предметами: куртка, брюки, полукомбинезон;1 шт.;Одежда специальная ограниченного срока использования;определяется документами изготовителя
;;;;;;;Комбинезон;1 шт.
;;;;Обувь специальная для защиты от общих производственных загрязнений;"Полуботинки с перфорацией
Полуботинки
Ботинки
Полусапоги
Сапоги";1 пара;;
;;;;и/или;;;;
;;;;Обувь специальная резиновая или из полимерных материалов для защиты от общих производственных загрязнений;"Полусапоги
Сапоги";1 пара;;
;;;;Средства индивидуальной защиты рук для защиты от биологических факторов (микроорганизмов);Перчатки;12 пар;Нарукавники;12 пар
;;;;или;;;;
;;;;Средства индивидуальной защиты рук от общих производственных загрязнений;"Перчатки
Рукавицы";12 пар;;
;;;;Средства индивидуальной защиты головы: головные уборы для защиты от общих производственных загрязнений;;;"Кепка бейсболка
косынка
шляпа";1 шт.
16.4;Другие опасности, связанные с воздействием растений;;В случае идентификации иных опасностей на рабочем месте работник обеспечивается средствами индивидуальной защиты, необходимыми для защиты от идентифицированных опасностей. Номенклатуру, количество и сроки носки определяет работодатель в соответствии с Правилами и на основании нормативно-технической документации изготовителя;;;;;
17. Опасность, связанная с пожаром;;;;;;;;
17.1;Наличие в атмосфере дыма, паров вредных газов и пыли при пожаре;;Гипоксия, удушье, вследствие вдыхания дыма, паров вредных газов и пыли при пожаре;Средства индивидуальной защиты органов дыхания фильтрующего типа противоаэрозольные, противогазоаэрозольные (комбинированные);Фильтрующие самоспасатели;определяется документами изготовителя;;
17.2;Другие опасности, связанные с пожаром;;В случае идентификации иных опасностей на рабочем месте работник обеспечивается средствами индивидуальной защиты, необходимыми для защиты от идентифицированных опасностей. Номенклатуру, количество и сроки носки определяет работодатель в соответствии с Правилами и на основании нормативно-технической документации изготовителя;;;;;
18. Опасности, связанные с транспортными средствами;;;;;;;;
18.1;Транспортное средство, в том числе погрузчик;;Механические травмы работника вследствие наезда транспортного средства;Одежда сигнальная повышенной видимости;"Костюм
Комбинезон
Плащ
Жилет";1 шт.;;
;;;Механические травмы работника вследствие, раздавливания между двумя сближающимися транспортными средствами;Одежда сигнальная повышенной видимости;"Костюм
Комбинезон
Плащ
Жилет";1 шт.;;
18.2;Другие опасности, связанные с транспортными средствами;;В случае идентификации иных опасностей на рабочем месте работник обеспечивается средствами индивидуальной защиты, необходимыми для защиты от идентифицированных опасностей. Номенклатуру, количество и сроки носки определяет работодатель в соответствии с Правилами и на основании нормативно-технической документации изготовителя;;;;;
19. Опасности, связанные с работой во взрывопожароопасной среде;;;;;;;;
19.1;Горючие вещества способные к самовозгоранию;19.1.1;Ожог кожных покровов работника по причине самовозгорания горючих веществ;Одежда специальная для защиты от кратковременного воздействия открытого пламени и статического электричества;Костюм;1 шт.;Комбинезон;1 шт.
;;;;Обувь специальная для защиты от кратковременного воздействия открытого пламени, статического электричества и от контакта с нагретыми поверхностями;"Ботинки
Полусапоги
Сапоги";1 пара;;
;;;;Средства индивидуальной защиты рук для защиты от кратковременного воздействия открытого пламени;"Перчатки
Рукавицы";12 пар;Нарукавники;12 пар
;;;;Средства индивидуальной защиты головы для защиты от повышенных температур;"Каска защитная до
+150 °C";;;
;;;;Средства индивидуальной защиты головы: головной убор для защиты от кратковременного воздействия открытого пламени;Подшлемник;1 шт.;"Шлем
Шапка";1 шт.
19.2;Наличие огнеопасных веществ на рабочем месте, способных взорваться при действии открытого пламени, в том числе при пожаре;19.2.1;Ожог кожных покровов работника по причине взрыва огнеопасных веществ при пожаре;Одежда специальная для защиты от кратковременного воздействия открытого пламени;Костюм;1 пара;Комбинезон;1 шт.
;;;;Обувь специальная для защиты от кратковременного воздействия открытого пламени и от контакта с нагретыми поверхностями;"Ботинки
Полусапоги
Сапоги";1 шт. на 2 года;;
;;;;Средства индивидуальной защиты рук для защиты от кратковременного воздействия открытого пламени;"Перчатки
Рукавицы";12 пар;Нарукавники;12 пар
;;;;Средства индивидуальной защиты головы для защиты от повышенных температур;Каска защитная до +150 °C;1 шт. на 2 года;;
;;;;Средства индивидуальной защиты головы: головной убор для защиты от кратковременного воздействия открытого пламени;Подшлемник;1 шт. на 2 года;"Шлем
Шапка";1 шт. на 2 года
19.3;Ударная волна от взрыва;;Повреждения работника вследствие действия ударной волны;Средства индивидуальной защиты головы для защиты от повышенных температур;Каска защитная;1 шт. на 2 года;;
;;;;Средства индивидуальной защиты органа слуха;"Противошумные наушники и их комплектующие
или";определяется документами изготовителя;;
;;;;;Противошумные вкладыши (беруши);определяется документами изготовителя;;
;;;;;Выбираются в зависимости от уровня шума на рабочем месте с учетом необходимости коммуникации и возможности слышать звук специальных и аварийных сигналов и шум потенциально опасных машин и механизмов;;;
19.4;Другие опасности, связанные с работой во взрывопожароопасной среде;;В случае идентификации иных опасностей на рабочем месте работник обеспечивается средствами индивидуальной защиты, необходимыми для защиты от идентифицированных опасностей. Номенклатуру, количество и сроки носки определяет работодатель в соответствии с Правилами и на основании нормативно-технической документации изготовителя;;;;;
20. Опасность, связанная с загрязнением одежды специальной;;;;;;;;
20.1;Трудносмываемые загрязнители;;Воздействием трудно смываемых загрязнителей на кожу работника, в том числе в связи с выходом из строя одежды специальной многократного применения;Одежда специальная ограниченного срока использования;Комбинезон;определяется документами изготовителя;;
20.2;Другие опасности, связанные с загрязнением одежды специальной;;В случае идентификации иных опасностей на рабочем месте работник обеспечивается средствами индивидуальной защиты, необходимыми для защиты от идентифицированных опасностей. Номенклатуру, количество и сроки носки определяет работодатель в соответствии с Правилами и на основании нормативно-технической документации изготовителя;;;;;
